{"Item1":3.99626517,"Item2":1.0660367,"Item3":27.3446}
