{"Item1":0.2848331,"Item2":1.33323681,"Item3":20.542141}
