{"cameraMode":{"drawMode":0,"name":"Shaded","section":"Shading Mode"},"sceneLighting":false,"audioPlay":false,"sceneViewState":{"m_AlwaysRefresh":false,"showFog":true,"showSkybox":false,"showFlares":true,"showImageEffects":true,"showParticleSystems":true,"showVisualEffectGraphs":true,"m_FxEnabled":true},"in2DMode":false,"pivot":{"x":-0.902967095375061,"y":10.869773864746094,"z":1.330489158630371},"rotation":{"x":0.053845420479774478,"y":-0.06884507089853287,"z":0.0037209228612482549,"w":0.9961684346199036},"size":5.922183513641357,"orthographic":true}