{"Item1":0.563670337,"Item2":1.90497923,"Item3":20.5754356}
