{"cameraMode":{"drawMode":0,"name":"Shaded","section":"Shading Mode"},"sceneLighting":false,"audioPlay":false,"sceneViewState":{"m_AlwaysRefresh":false,"showFog":true,"showSkybox":false,"showFlares":true,"showImageEffects":true,"showParticleSystems":true,"showVisualEffectGraphs":true,"m_FxEnabled":true},"in2DMode":false,"pivot":{"x":0.6273906230926514,"y":9.911114692687989,"z":-4.579939365386963},"rotation":{"x":0.007486911490559578,"y":-0.05906595662236214,"z":0.0004431632405612618,"w":0.9982287287712097},"size":10.964221000671387,"orthographic":true}