{"Item1":0.3297128,"Item2":-0.197623491,"Item3":21.0999889}
