{"Item1":0.26308772,"Item2":1.05207,"Item3":21.09119}
