{"Item1":-0.4410588,"Item2":3.004148,"Item3":22.2907352}
