{"Item1":1.29056764,"Item2":2.597186,"Item3":21.4394855}
