{"Item1":0.9351212,"Item2":2.55454183,"Item3":19.6398087}
