{"Item1":0.911600649,"Item2":1.20991337,"Item3":20.7978916}
